{"cameraMode":{"drawMode":0,"name":"Shaded","section":"Shading Mode"},"sceneLighting":false,"audioPlay":false,"sceneViewState":{"showFog":true,"showMaterialUpdate":false,"showSkybox":false,"showFlares":true,"showImageEffects":true,"showParticleSystems":true},"in2DMode":false,"pivot":{"x":72.79936981201172,"y":4.965285778045654,"z":77.33441925048828},"rotation":{"x":-0.5396744608879089,"y":0.029159996658563615,"z":-0.01915086805820465,"w":-0.8414092063903809},"size":33.32491683959961,"orthographic":false}