{"cameraMode":{"drawMode":0,"name":"Shaded","section":"Shading Mode"},"sceneLighting":true,"audioPlay":false,"sceneViewState":{"showFog":true,"showMaterialUpdate":false,"showSkybox":true,"showFlares":true,"showImageEffects":true,"showParticleSystems":true},"in2DMode":false,"pivot":{"x":0.022716999053955079,"y":0.8313794136047363,"z":68.27120971679688},"rotation":{"x":-0.347638338804245,"y":0.10405828058719635,"z":-0.03915286064147949,"w":-0.9312490224838257},"size":64.9537353515625,"orthographic":false}