{"cameraMode":{"drawMode":0,"name":"Shaded","section":"Shading Mode"},"sceneLighting":false,"audioPlay":false,"sceneViewState":{"showFog":true,"showMaterialUpdate":false,"showSkybox":false,"showFlares":true,"showImageEffects":true,"showParticleSystems":true},"in2DMode":false,"pivot":{"x":0.14622735977172852,"y":2.0263891220092775,"z":68.27120971679688},"rotation":{"x":-0.3890642821788788,"y":0.45212697982788088,"z":-0.22904977202415467,"w":-0.7695318460464478},"size":75.4107666015625,"orthographic":false}